video,folder,stroke_type,dtw_distance,similarity_score,dtw_left_shoulder,dtw_right_shoulder,dtw_left_elbow,dtw_right_elbow,dtw_left_wrist,dtw_right_wrist,dtw_left_hip,dtw_right_hip,dtw_left_knee,dtw_right_knee,dtw_left_ankle,dtw_right_ankle
IMG_0881_preprocessed,forehand_tennis_with_ball,forehand,1.546,21.3,0.1607,0.3253,0.3505,0.2505,0.3009,0.7447,0.1378,0.1378,0.1996,0.1628,0.5661,0.3527
IMG_0882_preprocessed,forehand_tennis_with_ball,forehand,1.6851,18.5,0.1996,0.3472,0.4664,0.3319,0.3703,0.8137,0.1606,0.1606,0.2151,0.2027,0.5713,0.3914
IMG_0883_preprocessed,forehand_tennis_with_ball,forehand,1.6897,18.5,0.1973,0.4187,0.3596,0.4299,0.3906,0.8404,0.1614,0.1614,0.2091,0.1854,0.5256,0.2728
IMG_0884_preprocessed,forehand_tennis_with_ball,forehand,1.7418,17.5,0.1713,0.4352,0.4213,0.4421,0.5311,0.8132,0.161,0.161,0.2173,0.1602,0.5549,0.2805
IMG_0885_preprocessed,forehand_tennis_with_ball,forehand,1.6358,19.5,0.2923,0.2146,0.4644,0.2551,0.4647,0.7682,0.1328,0.1328,0.2454,0.1299,0.5236,0.2928
IMG_0886_preprocessed,forehand_tennis_with_ball,forehand,1.514,22.0,0.2533,0.2323,0.4744,0.2412,0.4428,0.6819,0.1546,0.1546,0.1751,0.1641,0.4771,0.1361
IMG_0887_preprocessed,forehand_tennis_with_ball,forehand,1.4538,23.4,0.2242,0.1558,0.3623,0.1769,0.3245,0.579,0.1199,0.1199,0.1864,0.183,0.5024,0.3168
IMG_0888_preprocessed,forehand_tennis_with_ball,forehand,1.6252,19.7,0.2729,0.2763,0.4682,0.3079,0.4589,0.8095,0.1636,0.1636,0.1981,0.1316,0.4862,0.1481
IMG_0889_preprocessed,forehand_tennis_with_ball,forehand,1.8181,16.2,0.1815,0.3656,0.4751,0.4416,0.532,0.9468,0.1721,0.1721,0.2632,0.2519,0.6257,0.2559
IMG_0901_preprocessed,forehand_tennis_with_ball,forehand,1.6198,19.8,0.1837,0.2537,0.4547,0.2463,0.5048,0.8519,0.1341,0.1341,0.1815,0.1783,0.5566,0.2266
IMG_0902_preprocessed,forehand_tennis_with_ball,forehand,1.6805,18.6,0.2131,0.379,0.4118,0.3991,0.4189,0.8188,0.1607,0.1607,0.1653,0.1717,0.5286,0.3638
IMG_0903_preprocessed,forehand_tennis_with_ball,forehand,1.7491,17.4,0.2207,0.3181,0.4859,0.4172,0.4174,0.8596,0.1541,0.1541,0.1984,0.2111,0.5526,0.376
IMG_0909_preprocessed,forehand_tennis_with_ball,forehand,1.7227,17.9,0.1705,0.3107,0.4049,0.3617,0.415,0.8371,0.1575,0.1575,0.2744,0.1896,0.611,0.3222
IMG_0911_preprocessed,forehand_tennis_with_ball,forehand,1.7921,16.7,0.1219,0.3765,0.3777,0.4627,0.4119,1.0287,0.1723,0.1723,0.2875,0.2056,0.5499,0.2707
IMG_0912_preprocessed,forehand_tennis_with_ball,forehand,1.7144,18.0,0.1948,0.3802,0.4531,0.4623,0.5215,0.8754,0.1908,0.1908,0.2499,0.191,0.4922,0.1866
IMG_0829_preprocessed,forehand_tennis_without_ball,forehand,1.5616,21.0,0.3703,0.347,0.5203,0.3029,0.4452,0.5201,0.1715,0.1715,0.1894,0.1702,0.3075,0.2995
IMG_0830_preprocessed,forehand_tennis_without_ball,forehand,1.4495,23.5,0.312,0.3132,0.457,0.2981,0.4433,0.5129,0.1677,0.1677,0.1625,0.1179,0.3401,0.2234
IMG_0832_preprocessed,forehand_tennis_without_ball,forehand,1.4694,23.0,0.2973,0.3165,0.4603,0.3276,0.4539,0.5585,0.1805,0.1805,0.193,0.1636,0.3159,0.2107
IMG_0833_preprocessed,forehand_tennis_without_ball,forehand,1.6082,20.0,0.2673,0.348,0.4904,0.3548,0.509,0.6484,0.174,0.174,0.1875,0.1785,0.343,0.2681
IMG_0834_preprocessed,forehand_tennis_without_ball,forehand,1.5956,20.3,0.2911,0.3655,0.4626,0.396,0.4596,0.6447,0.1736,0.1736,0.1956,0.1636,0.4082,0.3024
IMG_0835_preprocessed,forehand_tennis_without_ball,forehand,1.4134,24.3,0.268,0.3422,0.423,0.3539,0.4024,0.5246,0.1836,0.1836,0.1885,0.1492,0.3235,0.2285
IMG_0836_preprocessed,forehand_tennis_without_ball,forehand,1.4614,23.2,0.2804,0.3422,0.4432,0.3623,0.4551,0.5308,0.186,0.186,0.2167,0.1691,0.3599,0.2385
IMG_0837_preprocessed,forehand_tennis_without_ball,forehand,1.4975,22.4,0.2643,0.3535,0.452,0.3644,0.4657,0.5717,0.1786,0.1786,0.1885,0.165,0.3525,0.254
IMG_0839_preprocessed,forehand_tennis_without_ball,forehand,1.6119,20.0,0.2574,0.3674,0.49,0.3879,0.4998,0.6628,0.1813,0.1813,0.1969,0.164,0.4112,0.2623
IMG_0864_preprocessed,forehand_tennis_without_ball,forehand,1.634,19.5,0.3306,0.3534,0.4937,0.3671,0.4935,0.6641,0.1751,0.1751,0.1948,0.1742,0.3462,0.301
IMG_0865_preprocessed,forehand_tennis_without_ball,forehand,1.5881,20.4,0.2765,0.3734,0.4576,0.3087,0.5076,0.623,0.1638,0.1638,0.1998,0.1483,0.344,0.2794
IMG_0866_preprocessed,forehand_tennis_without_ball,forehand,1.5574,21.1,0.2571,0.3732,0.4816,0.3136,0.5175,0.5061,0.1673,0.1673,0.193,0.1432,0.4371,0.2079
IMG_0867_preprocessed,forehand_tennis_without_ball,forehand,1.5697,20.8,0.2972,0.3713,0.4565,0.3251,0.4474,0.6392,0.1682,0.1682,0.2021,0.162,0.3511,0.2803
IMG_0868_preprocessed,forehand_tennis_without_ball,forehand,1.6081,20.0,0.2889,0.3806,0.4321,0.2897,0.5308,0.6365,0.1342,0.1342,0.2283,0.173,0.4047,0.2971
IMG_0869_preprocessed,forehand_tennis_without_ball,forehand,1.5893,20.4,0.2949,0.3318,0.4899,0.2864,0.5384,0.5259,0.1622,0.1622,0.2269,0.1946,0.3658,0.2599
IMG_0870_preprocessed,forehand_tennis_without_ball,forehand,1.5698,20.8,0.2939,0.3417,0.459,0.3398,0.5111,0.606,0.1681,0.1681,0.1796,0.139,0.3088,0.2334
IMG_0872_preprocessed,forehand_tennis_without_ball,forehand,1.524,21.8,0.3034,0.3199,0.4461,0.3136,0.4694,0.5995,0.1694,0.1694,0.1863,0.1508,0.3611,0.2378
IMG_0873_preprocessed,forehand_tennis_without_ball,forehand,1.5832,20.5,0.3121,0.3439,0.4568,0.3484,0.4964,0.6138,0.1679,0.1679,0.1636,0.1816,0.3486,0.3056
IMG_0890_preprocessed,backhand_tennis_with_ball,backhand,1.4159,24.3,0.5085,0.1137,0.4845,0.3308,0.5171,0.4511,0.1716,0.1716,0.235,0.1286,0.3403,0.1521
IMG_0891_preprocessed,backhand_tennis_with_ball,backhand,1.5411,21.4,0.6005,0.1079,0.5488,0.24,0.5413,0.3916,0.1778,0.1778,0.238,0.3007,0.3241,0.2829
IMG_0892_preprocessed,backhand_tennis_with_ball,backhand,1.4626,23.2,0.5354,0.1044,0.4918,0.3267,0.5083,0.3838,0.1816,0.1816,0.2641,0.2815,0.2583,0.3121
IMG_0893_preprocessed,backhand_tennis_with_ball,backhand,1.6358,19.5,0.642,0.1177,0.5895,0.2068,0.5804,0.3487,0.1614,0.1614,0.2491,0.3714,0.3005,0.4729
IMG_0894_preprocessed,backhand_tennis_with_ball,backhand,1.4817,22.7,0.6021,0.0886,0.5128,0.2467,0.4875,0.4152,0.1651,0.1651,0.1576,0.2841,0.1576,0.3083
IMG_0895_preprocessed,backhand_tennis_with_ball,backhand,1.6523,19.2,0.6067,0.1378,0.5888,0.3115,0.5804,0.692,0.1457,0.1457,0.1546,0.1555,0.2836,0.1362
IMG_0896_preprocessed,backhand_tennis_with_ball,backhand,1.5185,21.9,0.5647,0.1595,0.5197,0.2639,0.4647,0.4105,0.1436,0.1436,0.1318,0.1544,0.2789,0.1866
IMG_0897_preprocessed,backhand_tennis_with_ball,backhand,1.4339,23.8,0.651,0.1252,0.5141,0.1673,0.5109,0.4024,0.154,0.154,0.1869,0.3085,0.2104,0.3223
IMG_0898_preprocessed,backhand_tennis_with_ball,backhand,1.4575,23.3,0.5722,0.1169,0.4981,0.2763,0.4729,0.5689,0.1633,0.1633,0.1549,0.1868,0.1873,0.1775
IMG_0899_preprocessed,backhand_tennis_with_ball,backhand,1.5173,21.9,0.6493,0.1274,0.5463,0.3254,0.5253,0.4764,0.138,0.138,0.0958,0.1124,0.2404,0.1215
IMG_0904_preprocessed,backhand_tennis_with_ball,backhand,1.4816,22.7,0.5688,0.0931,0.4956,0.3572,0.5153,0.4125,0.171,0.171,0.1701,0.2251,0.2369,0.2996
IMG_0905_preprocessed,backhand_tennis_with_ball,backhand,1.509,22.1,0.5945,0.0548,0.5336,0.3597,0.5187,0.4591,0.1711,0.1711,0.1694,0.2792,0.1677,0.322
IMG_0906_preprocessed,backhand_tennis_with_ball,backhand,1.4556,23.3,0.6083,0.0856,0.5575,0.2471,0.547,0.3402,0.1687,0.1687,0.1868,0.2679,0.2554,0.3045
IMG_0907_preprocessed,backhand_tennis_with_ball,backhand,1.492,22.5,0.5269,0.0909,0.5276,0.251,0.5332,0.425,0.168,0.168,0.173,0.2349,0.2297,0.3055
IMG_0908_preprocessed,backhand_tennis_with_ball,backhand,1.4521,23.4,0.5485,0.0799,0.4916,0.3034,0.4953,0.4082,0.1667,0.1667,0.1426,0.2174,0.2235,0.3197
IMG_0821_preprocessed,backhand_tennis_without_ball,backhand,1.2262,29.3,0.2979,0.2984,0.3921,0.3122,0.4094,0.4728,0.159,0.159,0.1654,0.1333,0.205,0.1616
IMG_0822_preprocessed,backhand_tennis_without_ball,backhand,1.2005,30.1,0.341,0.2682,0.4649,0.3065,0.3525,0.4293,0.127,0.127,0.0962,0.1322,0.1116,0.135
IMG_0823_preprocessed,backhand_tennis_without_ball,backhand,1.2881,27.6,0.3409,0.2982,0.4742,0.3681,0.4251,0.4637,0.1346,0.1346,0.1129,0.1476,0.1525,0.185
IMG_0824_preprocessed,backhand_tennis_without_ball,backhand,1.2054,30.0,0.3864,0.2689,0.4503,0.3485,0.3998,0.4207,0.1386,0.1386,0.1103,0.1336,0.1341,0.1487
IMG_0825_preprocessed,backhand_tennis_without_ball,backhand,1.2697,28.1,0.3737,0.2624,0.4675,0.3054,0.3705,0.4285,0.1324,0.1324,0.1206,0.1534,0.1029,0.1804
IMG_0826_preprocessed,backhand_tennis_without_ball,backhand,1.3955,24.8,0.3278,0.2875,0.5074,0.3326,0.5053,0.5216,0.1488,0.1488,0.1549,0.1395,0.2335,0.1821
IMG_0827_preprocessed,backhand_tennis_without_ball,backhand,1.3662,25.5,0.3623,0.2784,0.4476,0.2641,0.4016,0.5153,0.1429,0.1429,0.1113,0.1609,0.1405,0.2244
IMG_0831_preprocessed,backhand_tennis_without_ball,backhand,1.2875,27.6,0.3309,0.2609,0.4345,0.3145,0.4938,0.4916,0.1714,0.1714,0.1499,0.1212,0.2031,0.1006
IMG_0840_preprocessed,backhand_tennis_without_ball,backhand,1.2942,27.4,0.2792,0.3331,0.4018,0.3694,0.4496,0.4832,0.1764,0.1764,0.167,0.1688,0.1789,0.1941
IMG_0841_preprocessed,backhand_tennis_without_ball,backhand,1.4447,23.6,0.5211,0.0982,0.4592,0.3231,0.4104,0.6403,0.1532,0.1532,0.1169,0.1616,0.1109,0.1665
IMG_0842_preprocessed,backhand_tennis_without_ball,backhand,1.5448,21.3,0.4358,0.1661,0.3947,0.3962,0.4504,0.7446,0.145,0.145,0.2499,0.1751,0.2628,0.2311
IMG_0843_preprocessed,backhand_tennis_without_ball,backhand,1.5922,20.3,0.5809,0.1627,0.478,0.3387,0.3987,0.6503,0.1648,0.1648,0.2146,0.2339,0.2403,0.2934
IMG_0844_preprocessed,backhand_tennis_without_ball,backhand,1.5145,22.0,0.4732,0.1911,0.4134,0.4068,0.4284,0.7224,0.1667,0.1667,0.1715,0.1562,0.2202,0.2018
IMG_0845_preprocessed,backhand_tennis_without_ball,backhand,1.4669,23.1,0.4986,0.1932,0.4489,0.3932,0.4201,0.6622,0.1696,0.1696,0.1808,0.1548,0.1821,0.1927
IMG_0846_preprocessed,backhand_tennis_without_ball,backhand,1.5407,21.4,0.4991,0.135,0.4606,0.3783,0.451,0.7387,0.169,0.169,0.1418,0.1857,0.1233,0.1992
IMG_0847_preprocessed,backhand_tennis_without_ball,backhand,1.659,19.0,0.4955,0.1619,0.4105,0.388,0.5007,0.7887,0.1717,0.1717,0.2129,0.1245,0.2884,0.1469
IMG_0848_preprocessed,backhand_tennis_without_ball,backhand,1.4391,23.7,0.491,0.1858,0.406,0.3713,0.3794,0.6092,0.1721,0.1721,0.2214,0.195,0.2642,0.2588
IMG_0849_preprocessed,backhand_tennis_without_ball,backhand,1.5717,20.8,0.5208,0.174,0.4954,0.3678,0.4098,0.6553,0.1702,0.1702,0.1687,0.1836,0.2158,0.275
IMG_0850_preprocessed,backhand_tennis_without_ball,backhand,1.3959,24.8,0.4555,0.1708,0.452,0.3899,0.4343,0.5632,0.1785,0.1785,0.1752,0.2065,0.1529,0.2161
IMG_0851_preprocessed,backhand_tennis_without_ball,backhand,1.429,24.0,0.4623,0.1819,0.4347,0.3678,0.4581,0.5771,0.1671,0.1671,0.1775,0.204,0.1879,0.2284
IMG_0852_preprocessed,backhand_tennis_without_ball,backhand,1.4537,23.4,0.4688,0.1352,0.4368,0.3745,0.49,0.6807,0.1771,0.1771,0.1766,0.1331,0.2144,0.15
IMG_0853_preprocessed,backhand_tennis_without_ball,backhand,1.5213,21.8,0.453,0.1755,0.463,0.4315,0.5248,0.6847,0.1825,0.1825,0.2043,0.1783,0.2294,0.1921
IMG_0854_preprocessed,backhand_tennis_without_ball,backhand,1.4171,24.2,0.4298,0.1906,0.4235,0.379,0.4512,0.5997,0.1668,0.1668,0.1768,0.1702,0.2592,0.2212
IMG_0855_preprocessed,backhand_tennis_without_ball,backhand,1.4063,24.5,0.4386,0.1597,0.4288,0.3948,0.4521,0.671,0.1725,0.1725,0.1618,0.1503,0.1671,0.1581
IMG_0856_preprocessed,backhand_tennis_without_ball,backhand,1.4158,24.3,0.4612,0.1884,0.4462,0.4266,0.4835,0.5861,0.169,0.169,0.1909,0.155,0.2617,0.2267
IMG_0857_preprocessed,backhand_tennis_without_ball,backhand,1.4011,24.6,0.4658,0.1138,0.4345,0.4046,0.4835,0.5867,0.1675,0.1675,0.1793,0.1506,0.1941,0.1774
IMG_0858_preprocessed,backhand_tennis_without_ball,backhand,1.4575,23.3,0.4335,0.1702,0.4256,0.4482,0.5086,0.6861,0.1763,0.1763,0.1542,0.1698,0.1647,0.1731
IMG_0859_preprocessed,backhand_tennis_without_ball,backhand,1.3703,25.4,0.4635,0.2031,0.4348,0.3974,0.5038,0.5664,0.1712,0.1712,0.1514,0.1644,0.1859,0.2069
IMG_0860_preprocessed,backhand_tennis_without_ball,backhand,1.3997,24.7,0.4738,0.1116,0.4074,0.3451,0.4764,0.586,0.1699,0.1699,0.176,0.1713,0.1697,0.1805
IMG_0861_preprocessed,backhand_tennis_without_ball,backhand,1.5235,21.8,0.5048,0.1192,0.4891,0.438,0.4509,0.7078,0.1636,0.1636,0.1593,0.1526,0.1531,0.162
IMG_0862_preprocessed,backhand_tennis_without_ball,backhand,1.5923,20.3,0.4903,0.1441,0.4649,0.419,0.4469,0.7405,0.166,0.166,0.1399,0.1547,0.1573,0.2228
IMG_0863_preprocessed,backhand_tennis_without_ball,backhand,1.5227,21.8,0.5137,0.1814,0.4647,0.382,0.4882,0.6246,0.1719,0.1719,0.2067,0.177,0.2673,0.2766
IMG_0871_preprocessed,backhand_tennis_without_ball,backhand,1.3648,25.5,0.3392,0.31,0.4209,0.3033,0.4572,0.5906,0.1593,0.1593,0.1378,0.1343,0.167,0.1906
